id,answer_id,url
1,1,https://images.unsplash.com/photo-1530519729491-aea5b51d1ee1?ixlib=rb-1.2.1&ixid=eyJhcHBfaWQiOjEyMDd9&auto=format&fit=crop&w=1651&q=80
2,1,https://images.unsplash.com/photo-1511127088257-53ccfcc769fa?ixlib=rb-1.2.1&ixid=eyJhcHBfaWQiOjEyMDd9&auto=format&fit=crop&w=1650&q=80
3,2,https://images.unsplash.com/photo-1500603720222-eb7a1f997356?ixlib=rb-1.2.1&ixid=eyJhcHBfaWQiOjEyMDd9&auto=format&fit=crop&w=1653&q=80
4,3,https://images.unsplash.com/photo-1463143217634-f1089c4b3cc4?ixlib=rb-1.2.1&ixid=eyJhcHBfaWQiOjEyMDd9&auto=format&fit=crop&w=1650&q=80
5,4,https://images.unsplash.com/photo-1421780791481-c5fb9d369db7?ixlib=rb-1.2.1&ixid=eyJhcHBfaWQiOjEyMDd9&auto=format&fit=crop&w=1650&q=80
6,4,https://images.unsplash.com/photo-1420824471541-fe7e0ae0baa4?ixlib=rb-1.2.1&ixid=eyJhcHBfaWQiOjEyMDd9&auto=format&fit=crop&w=1567&q=80
8,5,https://images.unsplash.com/photo-1469504512102-900f29606341?ixlib=rb-1.2.1&ixid=eyJhcHBfaWQiOjEyMDd9&auto=format&fit=crop&w=668&q=80
7,5,https://images.unsplash.com/photo-1510551310160-589462daf284?ixlib=rb-1.2.1&ixid=eyJhcHBfaWQiOjEyMDd9&auto=format&fit=crop&w=1649&q=80
9,5,https://images.unsplash.com/photo-1526880792616-4217886b9dc2?ixlib=rb-1.2.1&ixid=eyJhcHBfaWQiOjEyMDd9&auto=format&fit=crop&w=975&q=80
10,5,https://images.unsplash.com/photo-1496417263034-38ec4f0b665a?ixlib=rb-1.2.1&ixid=eyJhcHBfaWQiOjEyMDd9&auto=format&fit=crop&w=1651&q=80